{
    "labels": [
        "_null",
        "a",
        "b",
        "c",
        "d",
        "e",
        "f",
        "g",
        "h",
        "i",
        "j",
        "k",
        "l",
        "m",
        "n",
        "o",
        "p",
        "q",
        "r",
        "s",
        "t",
        "u",
        "v",
        "w",
        "x",
        "y",
        "z"
    ],
    "memory_frame": 15,
    "active_gestures": {
        "l_hand_position": null,
        "l_wrist": null,
        "l_thumb_cmc": null,
        "l_thumb_mcp": null,
        "l_thumb_ip": null,
        "l_thumb_tip": null,
        "l_index_mcp": null,
        "l_index_pip": null,
        "l_index_dip": null,
        "l_index_tip": null,
        "l_middle_mcp": null,
        "l_middle_pip": null,
        "l_middle_dip": null,
        "l_middle_tip": null,
        "l_ring_mcp": null,
        "l_ring_pip": null,
        "l_ring_dip": null,
        "l_ring_tip": null,
        "l_pinky_mcp": null,
        "l_pinky_pip": null,
        "l_pinky_dip": null,
        "l_pinky_tip": null,
        "r_hand_position": null,
        "r_wrist": true,
        "r_thumb_cmc": true,
        "r_thumb_mcp": true,
        "r_thumb_ip": true,
        "r_thumb_tip": true,
        "r_index_mcp": true,
        "r_index_pip": true,
        "r_index_dip": true,
        "r_index_tip": true,
        "r_middle_mcp": true,
        "r_middle_pip": true,
        "r_middle_dip": true,
        "r_middle_tip": true,
        "r_ring_mcp": true,
        "r_ring_pip": true,
        "r_ring_dip": true,
        "r_ring_tip": true,
        "r_pinky_mcp": true,
        "r_pinky_pip": true,
        "r_pinky_dip": true,
        "r_pinky_tip": true,
        "l_hand_velocity": null,
        "r_hand_velocity": true,
        "m_nose_point": null,
        "m_top_nose": null,
        "m_eyebrows": null,
        "m_forehead": null,
        "m_top_chin": null,
        "m_bot_up_lip": null,
        "m_top_low_lip": null,
        "m_bot_nose": null,
        "m_chin": null,
        "m_nose": null,
        "l_eye_exterior": null,
        "l_temple": null,
        "l_mid_chin": null,
        "l_up_lip": null,
        "l_ext_nostril": null,
        "l_mid_cheek": null,
        "l_mid_eyebrow": null,
        "l_ext_eyebrow": null,
        "l_ext_lips": null,
        "l_jaw_angle": null,
        "l_mid_ext_face": null,
        "l_int_eyebrow": null,
        "l_mid_jaw": null,
        "l_mid_bot_eyelid": null,
        "l_ext_mouth": null,
        "l_top_eyelid": null,
        "l_eye_int": null,
        "l_pupil": null,
        "r_eye_exterior": null,
        "r_temple": null,
        "r_mid_chin": null,
        "r_up_lip": null,
        "r_ext_nostril": null,
        "r_mid_cheek": null,
        "r_mid_eyebrow": null,
        "r_ext_eyebrow": null,
        "r_ext_lips": null,
        "r_jaw_angle": null,
        "r_mid_ext_face": null,
        "r_int_eyebrow": null,
        "r_mid_jaw": null,
        "r_mid_bot_eyelid": null,
        "r_ext_mouth": null,
        "r_top_eyelid": null,
        "r_eye_int": null,
        "r_pupil": null,
        "l_shoulder": null,
        "l_elbow": null,
        "l_hip": null,
        "l_knee": null,
        "l_ankle": null,
        "l_body_wrist": null,
        "r_shoulder": null,
        "r_elbow": null,
        "r_hip": null,
        "r_knee": null,
        "r_ankle": null,
        "r_body_wrist": null,
        "m_face_position": null,
        "m_body_position": null,
        "m_face_scale": null,
        "m_body_scale": null,
        "l_hand_scale": null,
        "r_hand_scale": null
    },
    "label_map": {
        "_null": 0,
        "a": 1,
        "b": 2,
        "c": 3,
        "d": 4,
        "e": 5,
        "f": 6,
        "g": 7,
        "h": 8,
        "i": 9,
        "j": 10,
        "k": 11,
        "l": 12,
        "m": 13,
        "n": 14,
        "o": 15,
        "p": 16,
        "q": 17,
        "r": 18,
        "s": 19,
        "t": 20,
        "u": 21,
        "v": 22,
        "w": 23,
        "x": 24,
        "y": 25,
        "z": 26
    },
    "one_side": true,
    "null_sample_id": 0,
    "name": "alphabet_norm2",
    "d_model": 32,
    "num_heads": 8,
    "num_layers": 3,
    "ff_dim": 128,
    "tracking_model": {
        "hand": 1,
        "body": 0,
        "face": 0
    }
}
